times,A,B,C,D,E,F,G,H,I,J,K,L,M,N,O,P,Q,R,S,T,U,V,W,X,Y,Z,p1,p2,p3,p4,p5
0.000000E+00,1.831916E-01,7.096878E+00,9.475557E-02,9.769061E-01,2.212373E-01,6.138327E-01,2.935552E-01,1.491185E-01,0.000000E+00,0.000000E+00,0.000000E+00,0.000000E+00,0.000000E+00,0.000000E+00,0.000000E+00,0.000000E+00,0.000000E+00,0.000000E+00,0.000000E+00,0.000000E+00,0.000000E+00,0.000000E+00,0.000000E+00,0.000000E+00,0.000000E+00,0.000000E+00, 0.0186223484, 0.0058018556, 0.0469165503, 0.0442636892, 0.0400371312
2.000000E+01,1.825087E-01,7.094586E+00,9.453207E-02,9.737419E-01,2.217499E-01,6.095984E-01,2.940136E-01,1.496812E-01,1.620708E-06,1.441799E-04,1.804568E-04,3.067264E-05,5.278833E-05,1.634615E-04,2.650154E-04,2.161414E-07,4.835901E-05,2.157415E-06,3.327136E-05,2.873782E-05,3.267030E-08,1.695719E-05,1.949775E-06,6.603893E-05,5.837359E-05,1.445653E-04, 0.0186223484, 0.0058018556, 0.0469165503, 0.0442636892, 0.0400371312
4.000000E+01,1.818246E-01,7.092277E+00,9.436549E-02,9.708854E-01,2.222622E-01,6.054014E-01,2.944670E-01,1.502218E-01,1.121800E-05,3.260307E-04,3.610373E-04,1.100451E-04,1.074253E-04,4.294188E-04,5.298002E-04,1.348151E-06,1.014401E-04,9.494696E-06,6.894548E-05,5.778776E-05,1.271001E-07,3.691901E-05,7.911925E-06,2.166444E-04,1.167489E-04,1.934800E-04, 0.0186223484, 0.0058018556, 0.0469165503, 0.0442636892, 0.0400371312
6.000000E+01,1.811411E-01,7.089953E+00,9.425145E-02,9.680447E-01,2.227607E-01,6.012340E-01,2.949194E-01,1.507454E-01,3.292957E-05,5.077914E-04,5.414268E-04,2.233334E-04,1.617178E-04,7.021679E-04,7.942095E-04,3.681633E-06,1.497734E-04,2.167476E-05,1.038776E-04,8.708767E-05,2.781345E-07,5.718019E-05,1.783755E-05,3.974893E-04,1.750465E-04,2.099978E-04, 0.0186223484, 0.0058018556, 0.0469165503, 0.0442636892, 0.0400371312
8.000000E+01,1.804595E-01,7.087644E+00,9.418658E-02,9.651914E-01,2.232632E-01,5.970889E-01,2.953728E-01,1.512564E-01,6.822310E-05,6.892358E-04,7.216606E-04,3.601892E-04,2.156573E-04,9.747821E-04,1.058294E-03,7.267619E-06,1.938150E-04,3.823052E-05,1.381058E-04,1.166505E-04,4.810506E-07,7.770460E-05,3.172358E-05,5.890324E-04,2.332864E-04,2.155780E-04, 0.0186223484, 0.0058018556, 0.0469165503, 0.0442636892, 0.0400371312
1.000000E+02,1.797759E-01,7.085316E+00,9.416496E-02,9.623475E-01,2.237634E-01,5.929724E-01,2.958224E-01,1.517448E-01,1.170233E-04,8.703647E-04,9.017246E-04,5.133700E-04,2.692796E-04,1.246801E-03,1.322044E-03,1.209142E-05,2.338740E-04,5.884910E-05,1.716062E-04,1.464589E-04,7.310672E-07,9.850839E-05,4.939690E-05,7.842693E-04,2.914841E-04,2.174631E-04, 0.0186223484, 0.0058018556, 0.0469165503, 0.0442636892, 0.0400371312
1.200000E+02,1.790933E-01,7.082984E+00,9.418563E-02,9.595009E-01,2.242491E-01,5.888902E-01,2.962738E-01,1.522185E-01,1.784305E-04,1.051168E-03,1.081645E-03,6.778148E-04,3.225588E-04,1.518206E-03,1.585493E-03,1.811944E-05,2.703821E-04,8.310495E-05,2.044332E-04,1.765369E-04,1.024239E-06,1.195486E-04,7.086831E-05,9.806803E-04,3.496348E-04,2.181109E-04, 0.0186223484, 0.0058018556, 0.0469165503, 0.0442636892, 0.0400371312
1.400000E+02,1.784128E-01,7.080644E+00,9.424378E-02,9.566487E-01,2.247341E-01,5.848348E-01,2.967132E-01,1.526741E-01,2.511351E-04,1.231644E-03,1.261364E-03,8.499610E-04,3.754476E-04,1.788974E-03,1.848565E-03,2.531605E-05,3.036059E-04,1.107149E-04,2.365739E-04,2.067263E-04,1.356383E-06,1.409486E-04,9.632389E-05,1.177363E-03,4.077192E-04,2.182941E-04, 0.0186223484, 0.0058018556, 0.0469165503, 0.0442636892, 0.0400371312
1.600000E+02,1.777291E-01,7.078295E+00,9.433482E-02,9.538172E-01,2.252320E-01,5.807747E-01,2.971580E-01,1.531149E-01,3.337166E-04,1.411802E-03,1.440905E-03,1.027351E-03,4.281069E-04,2.059113E-03,2.111315E-03,3.363961E-05,3.336853E-04,1.415401E-04,2.680541E-04,2.371697E-04,1.723624E-06,1.625952E-04,1.253328E-04,1.373969E-03,4.657514E-04,2.183704E-04, 0.0186223484, 0.0058018556, 0.0469165503, 0.0442636892, 0.0400371312
1.800000E+02,1.770468E-01,7.075932E+00,9.445843E-02,9.509805E-01,2.257295E-01,5.767470E-01,2.975965E-01,1.535359E-01,4.247600E-04,1.591635E-03,1.620265E-03,1.208201E-03,4.804057E-04,2.328614E-03,2.373689E-03,4.305646E-05,3.607249E-04,1.754628E-04,2.988920E-04,2.678049E-04,2.122498E-06,1.844738E-04,1.583260E-04,1.570393E-03,5.237357E-04,2.183592E-04, 0.0186223484, 0.0058018556, 0.0469165503, 0.0442636892, 0.0400371312
2.000000E+02,1.763645E-01,7.073572E+00,9.461251E-02,9.481466E-01,2.262119E-01,5.727521E-01,2.980292E-01,1.539440E-01,5.229515E-04,1.771156E-03,1.799466E-03,1.391335E-03,5.322579E-04,2.597429E-03,2.635770E-03,5.353150E-05,3.856633E-04,2.115542E-04,3.290963E-04,2.986291E-04,2.550286E-06,2.066405E-04,1.952858E-04,1.766596E-03,5.816651E-04,2.183700E-04, 0.0186223484, 0.0058018556, 0.0469165503, 0.0442636892, 0.0400371312
2.200000E+02,1.756822E-01,7.071176E+00,9.479210E-02,9.453167E-01,2.267049E-01,5.687684E-01,2.984641E-01,1.543369E-01,6.271351E-04,1.950318E-03,1.978432E-03,1.575933E-03,5.838394E-04,2.865626E-03,2.897460E-03,6.502106E-05,4.078870E-04,2.503979E-04,3.586533E-04,3.295994E-04,3.002977E-06,2.291026E-04,2.354856E-04,1.962542E-03,6.395304E-04,2.183327E-04, 0.0186223484, 0.0058018556, 0.0469165503, 0.0442636892, 0.0400371312
2.400000E+02,1.750002E-01,7.068785E+00,9.499805E-02,9.424891E-01,2.271941E-01,5.648147E-01,2.988968E-01,1.547066E-01,7.362743E-04,2.129122E-03,2.157258E-03,1.761315E-03,6.351729E-04,3.132984E-03,3.158823E-03,7.750334E-05,4.284350E-04,2.909661E-04,3.876136E-04,3.606993E-04,3.478808E-06,2.518585E-04,2.793375E-04,2.158220E-03,6.973440E-04,2.183191E-04, 0.0186223484, 0.0058018556, 0.0469165503, 0.0442636892, 0.0400371312
2.600000E+02,1.743189E-01,7.066377E+00,9.522799E-02,9.396631E-01,2.276782E-01,5.608822E-01,2.993230E-01,1.550690E-01,8.494919E-04,2.307600E-03,2.335904E-03,1.947152E-03,6.860673E-04,3.399815E-03,3.419847E-03,9.092942E-05,4.464269E-04,3.341379E-04,4.159661E-04,3.918348E-04,3.973425E-06,2.749764E-04,3.266865E-04,2.353636E-03,7.550918E-04,2.182999E-04, 0.0186223484, 0.0058018556, 0.0469165503, 0.0442636892, 0.0400371312
2.800000E+02,1.736361E-01,7.063958E+00,9.547774E-02,9.368411E-01,2.281592E-01,5.569846E-01,2.997405E-01,1.554128E-01,9.660273E-04,2.485817E-03,2.514352E-03,2.133121E-03,7.367227E-04,3.666006E-03,3.680526E-03,1.052733E-04,4.626892E-04,3.790818E-04,4.437322E-04,4.232299E-04,4.486454E-06,2.982473E-04,3.777163E-04,2.548805E-03,8.128083E-04,2.182845E-04, 0.0186223484, 0.0058018556, 0.0469165503, 0.0442636892, 0.0400371312
3.000000E+02,1.729537E-01,7.061558E+00,9.574880E-02,9.340072E-01,2.286364E-01,5.531058E-01,3.001535E-01,1.557376E-01,1.085286E-03,2.663632E-03,2.692658E-03,2.319000E-03,7.870612E-04,3.931561E-03,3.940947E-03,1.205082E-04,4.777670E-04,4.252516E-04,4.709312E-04,4.546267E-04,5.014862E-06,3.218875E-04,4.321484E-04,2.743749E-03,8.704584E-04,2.183094E-04, 0.0186223484, 0.0058018556, 0.0469165503, 0.0442636892, 0.0400371312
3.650000E+02,1.729585E-01,7.061562E+00,9.716044E-02,9.343506E-01,2.286350E-01,5.483868E-01,3.001610E-01,1.604105E-01,1.450024E-03,2.702146E-03,2.692918E-03,2.691899E-03,7.893745E-04,4.047692E-03,3.924831E-03,1.755514E-04,4.878120E-04,4.252534E-04,4.734411E-04,4.546502E-04,7.231868E-06,3.256818E-04,4.293739E-04,2.943064E-03,8.667891E-04,6.444012E-06, 0.0186223484, 0.0058018556, 0.0469165503, 0.0442636892, 0.0400371312
3.850000E+02,1.727467E-01,7.060811E+00,9.745411E-02,9.333506E-01,2.287866E-01,5.462008E-01,3.002890E-01,1.614779E-01,1.538886E-03,2.745606E-03,2.748427E-03,2.750551E-03,8.042860E-04,4.095732E-03,4.002523E-03,1.918644E-04,4.884725E-04,4.403959E-04,4.806677E-04,4.644760E-04,7.834642E-06,3.319299E-04,4.463394E-04,2.967272E-03,8.839950E-04,4.724971E-05, 0.0186223484, 0.0058018556, 0.0469165503, 0.0442636892, 0.0400371312
4.050000E+02,1.725347E-01,7.060041E+00,9.773445E-02,9.324678E-01,2.289365E-01,5.440220E-01,3.004172E-01,1.625360E-01,1.617766E-03,2.800907E-03,2.803972E-03,2.809074E-03,8.198631E-04,4.175874E-03,4.080129E-03,2.081449E-04,4.920901E-04,4.556882E-04,4.888177E-04,4.743441E-04,8.437555E-06,3.393600E-04,4.637836E-04,3.014877E-03,9.011842E-04,6.104963E-05, 0.0186223484, 0.0058018556, 0.0469165503, 0.0442636892, 0.0400371312
4.250000E+02,1.723228E-01,7.059282E+00,9.800286E-02,9.315814E-01,2.290874E-01,5.418516E-01,3.005461E-01,1.635860E-01,1.688801E-03,2.856233E-03,2.859520E-03,2.867511E-03,8.353667E-04,4.258247E-03,4.157653E-03,2.244844E-04,4.956261E-04,4.710687E-04,4.969205E-04,4.842526E-04,9.040591E-06,3.467811E-04,4.813866E-04,3.070880E-03,9.183525E-04,6.571994E-05, 0.0186223484, 0.0058018556, 0.0469165503, 0.0442636892, 0.0400371312
4.450000E+02,1.721110E-01,7.058523E+00,9.826075E-02,9.306910E-01,2.292377E-01,5.396909E-01,3.006743E-01,1.646282E-01,1.753673E-03,2.911553E-03,2.915046E-03,2.925858E-03,8.508485E-04,4.340753E-03,4.235077E-03,2.409054E-04,4.989919E-04,4.866182E-04,5.049458E-04,4.941455E-04,9.642896E-06,3.542635E-04,4.995428E-04,3.129876E-03,9.355130E-04,6.730084E-05, 0.0186223484, 0.0058018556, 0.0469165503, 0.0442636892, 0.0400371312
4.650000E+02,1.718996E-01,7.057756E+00,9.850884E-02,9.298046E-01,2.293869E-01,5.375381E-01,3.008026E-01,1.656619E-01,1.813661E-03,2.966802E-03,2.970544E-03,2.984115E-03,8.663236E-04,4.423186E-03,4.312383E-03,2.574176E-04,5.021502E-04,5.023686E-04,5.129271E-04,5.039847E-04,1.024527E-05,3.618207E-04,5.180687E-04,3.189949E-03,9.526507E-04,6.782437E-05, 0.0186223484, 0.0058018556, 0.0469165503, 0.0442636892, 0.0400371312
4.850000E+02,1.716875E-01,7.056989E+00,9.874819E-02,9.289198E-01,2.295349E-01,5.353957E-01,3.009299E-01,1.666846E-01,1.869778E-03,3.022018E-03,3.026005E-03,3.042307E-03,8.817594E-04,4.505553E-03,4.389587E-03,2.740158E-04,5.052188E-04,5.182014E-04,5.208542E-04,5.138066E-04,1.084735E-05,3.694215E-04,5.367660E-04,3.250375E-03,9.697738E-04,6.799588E-05, 0.0186223484, 0.0058018556, 0.0469165503, 0.0442636892, 0.0400371312
5.050000E+02,1.714756E-01,7.056230E+00,9.898015E-02,9.280310E-01,2.296857E-01,5.332606E-01,3.010601E-01,1.677011E-01,1.922832E-03,3.077214E-03,3.081455E-03,3.100458E-03,8.971515E-04,4.587853E-03,4.466697E-03,2.907052E-04,5.082246E-04,5.340967E-04,5.287192E-04,5.236188E-04,1.144849E-05,3.770733E-04,5.556902E-04,3.310908E-03,9.868742E-04,6.805368E-05, 0.0186223484, 0.0058018556, 0.0469165503, 0.0442636892, 0.0400371312
5.250000E+02,1.712639E-01,7.055471E+00,9.920448E-02,9.271394E-01,2.298381E-01,5.311322E-01,3.011890E-01,1.687095E-01,1.973428E-03,3.132362E-03,3.136906E-03,3.158551E-03,9.124997E-04,4.670081E-03,4.543716E-03,3.074795E-04,5.110367E-04,5.501852E-04,5.365080E-04,5.335344E-04,1.204779E-05,3.846909E-04,5.749083E-04,3.371473E-03,1.003958E-03,6.807803E-05, 0.0186223484, 0.0058018556, 0.0469165503, 0.0442636892, 0.0400371312
5.450000E+02,1.710515E-01,7.054700E+00,9.942237E-02,9.262530E-01,2.299878E-01,5.290131E-01,3.013143E-01,1.697085E-01,2.022058E-03,3.187468E-03,3.192325E-03,3.216579E-03,9.278399E-04,4.752227E-03,4.620635E-03,3.243405E-04,5.138365E-04,5.662804E-04,5.442514E-04,5.434209E-04,1.264719E-05,3.923374E-04,5.945434E-04,3.432037E-03,1.021027E-03,6.808384E-05, 0.0186223484, 0.0058018556, 0.0469165503, 0.0442636892, 0.0400371312
5.650000E+02,1.708387E-01,7.053945E+00,9.963476E-02,9.253606E-01,2.301373E-01,5.269024E-01,3.014414E-01,1.707014E-01,2.069126E-03,3.242541E-03,3.247727E-03,3.274550E-03,9.431268E-04,4.834285E-03,4.697464E-03,3.412736E-04,5.163756E-04,5.826330E-04,5.519552E-04,5.532376E-04,1.324617E-05,4.000659E-04,6.145125E-04,3.492577E-03,1.038086E-03,6.808488E-05, 0.0186223484, 0.0058018556, 0.0469165503, 0.0442636892, 0.0400371312
5.850000E+02,1.706261E-01,7.053178E+00,9.984119E-02,9.244746E-01,2.302884E-01,5.247964E-01,3.015662E-01,1.716864E-01,2.114965E-03,3.297613E-03,3.303109E-03,3.332482E-03,9.583370E-04,4.916365E-03,4.774174E-03,3.582873E-04,5.188787E-04,5.990153E-04,5.596019E-04,5.631378E-04,1.384427E-05,4.077673E-04,6.345707E-04,3.553087E-03,1.055120E-03,6.807801E-05, 0.0186223484, 0.0058018556, 0.0469165503, 0.0442636892, 0.0400371312
6.050000E+02,1.704137E-01,7.052415E+00,1.000438E-01,9.235822E-01,2.304376E-01,5.227033E-01,3.016907E-01,1.726614E-01,2.159798E-03,3.352643E-03,3.358471E-03,3.390351E-03,9.735224E-04,4.998357E-03,4.850793E-03,3.753753E-04,5.213243E-04,6.154505E-04,5.671854E-04,5.729621E-04,1.444074E-05,4.155634E-04,6.549114E-04,3.613577E-03,1.072145E-03,6.807487E-05, 0.0186223484, 0.0058018556, 0.0469165503, 0.0442636892, 0.0400371312
6.250000E+02,1.702012E-01,7.051656E+00,1.002421E-01,9.226906E-01,2.305890E-01,5.206122E-01,3.018160E-01,1.736272E-01,2.203815E-03,3.407641E-03,3.413813E-03,3.448152E-03,9.887263E-04,5.080253E-03,4.927333E-03,3.925356E-04,5.236783E-04,6.319764E-04,5.747146E-04,5.828592E-04,1.503603E-05,4.233356E-04,6.758354E-04,3.674044E-03,1.089139E-03,6.807949E-05, 0.0186223484, 0.0058018556, 0.0469165503, 0.0442636892, 0.0400371312
6.450000E+02,1.699886E-01,7.050889E+00,1.004365E-01,9.218018E-01,2.307349E-01,5.185371E-01,3.019391E-01,1.745861E-01,2.247196E-03,3.462602E-03,3.469151E-03,3.505908E-03,1.003884E-03,5.162066E-03,5.003766E-03,4.097564E-04,5.258146E-04,6.487181E-04,5.821844E-04,5.927710E-04,1.562907E-05,4.311154E-04,6.971123E-04,3.734485E-03,1.106131E-03,6.807945E-05, 0.0186223484, 0.0058018556, 0.0469165503, 0.0442636892, 0.0400371312
6.650000E+02,1.697764E-01,7.050122E+00,1.006274E-01,9.209138E-01,2.308833E-01,5.164680E-01,3.020639E-01,1.755382E-01,2.290049E-03,3.517509E-03,3.524468E-03,3.563637E-03,1.018980E-03,5.243839E-03,5.080101E-03,4.270465E-04,5.278376E-04,6.655599E-04,5.896140E-04,6.026652E-04,1.622106E-05,4.389321E-04,7.182935E-04,3.794912E-03,1.123108E-03,6.807520E-05, 0.0186223484, 0.0058018556, 0.0469165503, 0.0442636892, 0.0400371312
7.300000E+02,1.697811E-01,7.050111E+00,1.013592E-01,9.210222E-01,2.308837E-01,5.120636E-01,3.020681E-01,1.798930E-01,2.416723E-03,3.529538E-03,3.524552E-03,3.681658E-03,1.019706E-03,5.280124E-03,5.059272E-03,4.858903E-04,5.309497E-04,6.655594E-04,5.897917E-04,6.026755E-04,1.864473E-05,4.402274E-04,7.134824E-04,3.857199E-03,1.118365E-03,2.009449E-06, 0.0186223484, 0.0058018556, 0.0469165503, 0.0442636892, 0.0400371312
7.500000E+02,1.680524E-01,7.043833E+00,1.010234E-01,9.129444E-01,2.320783E-01,5.051237E-01,3.030335E-01,1.779237E-01,2.444408E-03,3.879456E-03,3.969716E-03,3.747427E-03,1.134643E-03,5.667829E-03,5.720165E-03,4.949991E-04,5.253625E-04,7.997075E-04,6.418878E-04,6.825486E-04,1.793434E-05,4.933139E-04,9.096695E-04,4.000884E-03,1.265754E-03,3.642868E-04, 0.0186223484, 0.0058018556, 0.0469165503, 0.0442636892, 0.0400371312
7.700000E+02,1.663277E-01,7.037461E+00,1.008486E-01,9.057987E-01,2.332619E-01,4.982684E-01,3.040037E-01,1.759357E-01,2.487818E-03,4.323238E-03,4.414385E-03,3.929851E-03,1.253650E-03,6.310165E-03,6.380350E-03,5.054663E-04,5.433576E-04,9.371995E-04,6.989683E-04,7.622128E-04,1.735353E-05,5.586191E-04,1.128386E-03,4.357313E-03,1.413024E-03,4.867309E-04, 0.0186223484, 0.0058018556, 0.0469165503, 0.0442636892, 0.0400371312
7.900000E+02,1.646075E-01,7.031101E+00,1.008182E-01,8.986502E-01,2.344182E-01,4.915071E-01,3.049449E-01,1.739418E-01,2.557781E-03,4.765299E-03,4.857900E-03,4.192277E-03,1.370821E-03,6.966601E-03,7.039770E-03,5.178305E-04,5.569497E-04,1.080209E-03,7.529114E-04,8.422950E-04,1.686862E-05,6.254017E-04,1.368708E-03,4.790899E-03,1.560169E-03,5.281301E-04, 0.0186223484, 0.0058018556, 0.0469165503, 0.0442636892, 0.0400371312
8.100000E+02,1.628916E-01,7.024673E+00,1.009149E-01,8.915093E-01,2.355470E-01,4.848430E-01,3.058574E-01,1.719461E-01,2.658351E-03,5.205473E-03,5.300280E-03,4.509394E-03,1.485831E-03,7.620038E-03,7.698349E-03,5.323324E-04,5.676659E-04,1.226826E-03,8.039769E-04,9.225190E-04,1.646080E-05,6.936596E-04,1.630721E-03,5.250982E-03,1.707182E-03,5.420844E-04, 0.0186223484, 0.0058018556, 0.0469165503, 0.0442636892, 0.0400371312
8.300000E+02,1.611821E-01,7.018214E+00,1.011255E-01,8.843798E-01,2.366528E-01,4.782658E-01,3.067626E-01,1.699376E-01,2.789826E-03,5.643267E-03,5.741342E-03,4.863178E-03,1.599068E-03,8.268937E-03,8.355987E-03,5.487276E-04,5.759893E-04,1.376555E-03,8.523852E-04,1.002556E-03,1.613265E-05,7.632746E-04,1.914535E-03,5.719491E-03,1.854040E-03,5.467247E-04, 0.0186223484, 0.0058018556, 0.0469165503, 0.0442636892, 0.0400371312
8.500000E+02,1.594777E-01,7.011731E+00,1.014425E-01,8.772647E-01,2.377510E-01,4.717639E-01,3.076270E-01,1.679305E-01,2.950217E-03,6.079194E-03,6.181134E-03,5.241584E-03,1.711430E-03,8.913813E-03,9.012789E-03,5.670572E-04,5.814274E-04,1.529806E-03,8.982014E-04,1.081357E-03,1.586678E-05,8.352616E-04,2.217642E-03,6.189673E-03,2.000731E-03,5.482558E-04, 0.0186223484, 0.0058018556, 0.0469165503, 0.0442636892, 0.0400371312
8.700000E+02,1.577781E-01,7.005220E+00,1.018544E-01,8.701670E-01,2.388102E-01,4.653577E-01,3.084901E-01,1.659161E-01,3.136634E-03,6.512820E-03,6.619739E-03,5.635837E-03,1.821328E-03,9.554171E-03,9.668699E-03,5.870596E-04,5.847912E-04,1.685641E-03,9.416198E-04,1.160016E-03,1.566028E-05,9.084999E-04,2.541027E-03,6.659516E-03,2.147291E-03,5.486982E-04, 0.0186223484, 0.0058018556, 0.0469165503, 0.0442636892, 0.0400371312
8.900000E+02,1.560854E-01,6.998647E+00,1.023500E-01,8.630924E-01,2.398731E-01,4.590114E-01,3.093129E-01,1.639071E-01,3.345673E-03,6.944266E-03,7.056984E-03,6.040436E-03,1.930004E-03,1.018907E-02,1.032380E-02,6.087166E-04,5.866973E-04,1.843584E-03,9.824506E-04,1.239248E-03,1.549401E-05,9.822962E-04,2.882566E-03,7.127802E-03,2.293685E-03,5.488371E-04, 0.0186223484, 0.0058018556, 0.0469165503, 0.0442636892, 0.0400371312
9.100000E+02,1.543948E-01,6.992037E+00,1.029209E-01,8.560201E-01,2.408997E-01,4.527781E-01,3.101236E-01,1.618917E-01,3.574317E-03,7.373613E-03,7.493129E-03,6.450924E-03,2.037025E-03,1.082066E-02,1.097801E-02,6.318939E-04,5.877352E-04,2.002859E-03,1.021197E-03,1.317520E-03,1.537417E-05,1.057215E-03,3.243271E-03,7.594439E-03,2.439941E-03,5.488076E-04, 0.0186223484, 0.0058018556, 0.0469165503, 0.0442636892, 0.0400371312
9.300000E+02,1.527152E-01,6.985404E+00,1.035576E-01,8.489530E-01,2.419104E-01,4.466104E-01,3.109236E-01,1.598682E-01,3.819280E-03,7.800395E-03,7.927976E-03,6.864289E-03,2.141943E-03,1.144682E-02,1.163139E-02,6.564611E-04,5.880905E-04,2.163359E-03,1.057625E-03,1.394910E-03,1.529862E-05,1.134050E-03,3.625544E-03,8.059196E-03,2.585977E-03,5.487535E-04, 0.0186223484, 0.0058018556, 0.0469165503, 0.0442636892, 0.0400371312
9.500000E+02,1.510406E-01,6.978751E+00,1.042534E-01,8.419224E-01,2.429044E-01,4.405252E-01,3.116893E-01,1.578414E-01,4.078035E-03,8.225011E-03,8.361772E-03,7.278740E-03,2.245843E-03,1.206876E-02,1.228396E-02,6.822852E-04,5.870228E-04,2.325733E-03,1.092084E-03,1.471400E-03,1.525292E-05,1.212002E-03,4.025453E-03,8.522205E-03,2.731883E-03,5.487172E-04, 0.0186223484, 0.0058018556, 0.0469165503, 0.0442636892, 0.0400371312
9.700000E+02,1.493700E-01,6.972039E+00,1.050025E-01,8.348735E-01,2.438770E-01,4.345437E-01,3.124333E-01,1.558224E-01,4.347901E-03,8.647698E-03,8.794227E-03,7.693141E-03,2.347743E-03,1.268726E-02,1.293567E-02,7.092962E-04,5.842123E-04,2.490217E-03,1.124300E-03,1.547453E-03,1.523370E-05,1.291030E-03,4.442688E-03,8.983262E-03,2.877655E-03,5.486220E-04, 0.0186223484, 0.0058018556, 0.0469165503, 0.0442636892, 0.0400371312
9.900000E+02,1.477076E-01,6.965303E+00,1.057940E-01,8.278457E-01,2.448302E-01,4.286354E-01,3.131588E-01,1.538038E-01,4.626693E-03,9.068492E-03,9.225400E-03,8.106209E-03,2.448439E-03,1.330112E-02,1.358652E-02,7.372569E-04,5.822298E-04,2.654286E-03,1.154782E-03,1.622663E-03,1.524811E-05,1.370947E-03,4.880875E-03,9.442417E-03,3.023225E-03,5.485416E-04, 0.0186223484, 0.0058018556, 0.0469165503, 0.0442636892, 0.0400371312
1.010000E+03,1.460499E-01,6.958532E+00,1.066314E-01,8.208354E-01,2.457216E-01,4.228436E-01,3.138514E-01,1.517678E-01,4.912852E-03,9.486718E-03,9.655272E-03,8.516811E-03,2.548054E-03,1.391026E-02,1.423655E-02,7.662706E-04,5.794694E-04,2.819607E-03,1.183389E-03,1.695945E-03,1.529228E-05,1.452624E-03,5.336433E-03,9.899613E-03,3.168650E-03,5.484749E-04, 0.0186223484, 0.0058018556, 0.0469165503, 0.0442636892, 0.0400371312
1.030000E+03,1.443993E-01,6.951713E+00,1.074976E-01,8.138576E-01,2.466275E-01,4.171002E-01,3.145199E-01,1.497495E-01,5.204843E-03,9.902967E-03,1.008386E-02,8.925623E-03,2.645515E-03,1.451471E-02,1.488569E-02,7.960554E-04,5.755113E-04,2.986369E-03,1.210403E-03,1.768240E-03,1.535491E-05,1.535295E-03,5.805122E-03,1.035483E-02,3.313918E-03,5.484421E-04, 0.0186223484, 0.0058018556, 0.0469165503, 0.0442636892, 0.0400371312
1.095000E+03,1.444034E-01,6.951725E+00,1.119761E-01,8.148428E-01,2.466606E-01,4.135428E-01,3.145417E-01,1.532642E-01,6.133147E-03,1.000047E-02,1.008452E-02,9.851229E-03,2.651884E-03,1.480637E-02,1.482468E-02,9.489587E-04,6.034208E-04,2.986372E-03,1.216748E-03,1.768318E-03,2.007260E-05,1.553083E-03,5.767220E-03,1.087262E-02,3.299935E-03,1.618899E-05, 0.0186223484, 0.0058018556, 0.0469165503, 0.0442636892, 0.0400371312
1.115000E+03,1.428502E-01,6.945285E+00,1.125022E-01,8.073260E-01,2.475084E-01,4.081781E-01,3.151558E-01,1.513493E-01,6.345931E-03,1.030005E-02,1.048689E-02,9.978366E-03,2.736938E-03,1.510939E-02,1.543511E-02,9.769712E-04,5.634808E-04,3.147212E-03,1.232596E-03,1.835621E-03,1.979320E-05,1.615145E-03,6.219401E-03,1.099298E-02,3.436645E-03,3.478034E-04, 0.0186223484, 0.0058018556, 0.0469165503, 0.0442636892, 0.0400371312
1.135000E+03,1.413034E-01,6.938783E+00,1.130858E-01,8.007372E-01,2.483320E-01,4.029111E-01,3.157543E-01,1.494205E-01,6.545618E-03,1.068841E-02,1.088865E-02,1.018065E-02,2.826693E-03,1.565392E-02,1.604509E-02,1.004672E-03,5.579525E-04,3.302759E-03,1.254943E-03,1.901870E-03,1.959301E-05,1.694570E-03,6.694797E-03,1.130657E-02,3.573271E-03,4.599715E-04, 0.0186223484, 0.0058018556, 0.0469165503, 0.0442636892, 0.0400371312
1.155000E+03,1.397591E-01,6.932232E+00,1.137184E-01,7.941980E-01,2.491304E-01,3.977114E-01,3.163418E-01,1.474965E-01,6.743877E-03,1.107487E-02,1.128943E-02,1.043500E-02,2.914968E-03,1.621105E-02,1.665422E-02,1.032652E-03,5.538149E-04,3.458242E-03,1.275950E-03,1.967975E-03,1.943984E-05,1.773406E-03,7.182121E-03,1.169039E-02,3.709745E-03,4.978781E-04, 0.0186223484, 0.0058018556, 0.0469165503, 0.0442636892, 0.0400371312
1.175000E+03,1.382232E-01,6.925651E+00,1.143925E-01,7.876791E-01,2.499141E-01,3.925814E-01,3.169094E-01,1.455620E-01,6.947724E-03,1.145960E-02,1.168910E-02,1.072394E-02,3.001335E-03,1.676530E-02,1.726259E-02,1.061058E-03,5.508679E-04,3.613511E-03,1.295817E-03,2.031711E-03,1.934528E-05,1.854106E-03,7.684865E-03,1.209825E-02,3.846050E-03,5.106252E-04, 0.0186223484, 0.0058018556, 0.0469165503, 0.0442636892, 0.0400371312
1.195000E+03,1.366945E-01,6.919037E+00,1.151008E-01,7.811741E-01,2.506739E-01,3.875261E-01,3.174515E-01,1.436486E-01,7.160509E-03,1.184232E-02,1.208764E-02,1.103665E-02,3.087297E-03,1.731437E-02,1.787020E-02,1.090108E-03,5.482487E-04,3.769148E-03,1.314264E-03,2.095182E-03,1.928548E-05,1.934633E-03,8.198776E-03,1.251355E-02,3.982142E-03,5.148836E-04, 0.0186223484, 0.0058018556, 0.0469165503, 0.0442636892, 0.0400371312
1.215000E+03,1.351698E-01,6.912416E+00,1.158408E-01,7.746822E-01,2.514147E-01,3.825344E-01,3.179787E-01,1.417219E-01,7.383133E-03,1.222307E-02,1.248481E-02,1.136422E-02,3.171861E-03,1.786098E-02,1.847699E-02,1.119491E-03,5.446361E-04,3.926256E-03,1.331365E-03,2.157900E-03,1.925938E-05,2.015384E-03,8.727231E-03,1.293023E-02,4.118125E-03,5.162927E-04, 0.0186223484, 0.0058018556, 0.0469165503, 0.0442636892, 0.0400371312
1.235000E+03,1.336523E-01,6.905747E+00,1.166108E-01,7.682006E-01,2.521285E-01,3.776302E-01,3.184901E-01,1.397946E-01,7.615619E-03,1.260198E-02,1.288084E-02,1.170163E-02,3.254814E-03,1.840322E-02,1.908297E-02,1.149296E-03,5.406449E-04,4.084014E-03,1.347593E-03,2.219517E-03,1.928139E-05,2.096211E-03,9.269462E-03,1.334611E-02,4.253903E-03,5.167290E-04, 0.0186223484, 0.0058018556, 0.0469165503, 0.0442636892, 0.0400371312
1.255000E+03,1.321412E-01,6.899067E+00,1.174044E-01,7.617321E-01,2.528474E-01,3.727642E-01,3.189807E-01,1.378836E-01,7.857384E-03,1.297880E-02,1.327576E-02,1.204512E-02,3.336787E-03,1.894089E-02,1.968810E-02,1.179407E-03,5.364363E-04,4.242195E-03,1.362819E-03,2.279297E-03,1.933763E-05,2.177887E-03,9.822973E-03,1.376080E-02,4.389529E-03,5.168184E-04, 0.0186223484, 0.0058018556, 0.0469165503, 0.0442636892, 0.0400371312
1.275000E+03,1.306382E-01,6.892335E+00,1.182127E-01,7.552906E-01,2.535243E-01,3.679897E-01,3.194416E-01,1.359756E-01,8.106642E-03,1.335334E-02,1.366937E-02,1.239103E-02,3.416953E-03,1.947545E-02,2.029245E-02,1.209814E-03,5.331026E-04,4.399786E-03,1.377094E-03,2.338065E-03,1.944491E-05,2.259731E-03,1.039367E-02,1.417332E-02,4.524953E-03,5.168298E-04, 0.0186223484, 0.0058018556, 0.0469165503, 0.0442636892, 0.0400371312
1.295000E+03,1.291410E-01,6.885552E+00,1.190367E-01,7.488527E-01,2.541716E-01,3.633138E-01,3.198810E-01,1.340750E-01,8.363053E-03,1.372655E-02,1.406157E-02,1.273895E-02,3.495633E-03,2.000623E-02,2.089612E-02,1.240248E-03,5.301104E-04,4.557236E-03,1.390712E-03,2.395911E-03,1.958376E-05,2.341280E-03,1.097227E-02,1.458423E-02,4.660243E-03,5.168003E-04, 0.0186223484, 0.0058018556, 0.0469165503, 0.0442636892, 0.0400371312
1.315000E+03,1.276496E-01,6.878733E+00,1.198742E-01,7.424465E-01,2.548073E-01,3.586849E-01,3.203080E-01,1.321637E-01,8.625423E-03,1.409782E-02,1.445247E-02,1.308588E-02,3.575038E-03,2.053165E-02,2.149903E-02,1.270981E-03,5.260458E-04,4.715930E-03,1.403218E-03,2.452455E-03,1.976011E-05,2.423352E-03,1.156493E-02,1.499300E-02,4.795335E-03,5.167329E-04, 0.0186223484, 0.0058018556, 0.0469165503, 0.0442636892, 0.0400371312
1.335000E+03,1.261654E-01,6.871914E+00,1.207202E-01,7.360519E-01,2.554222E-01,3.541205E-01,3.207302E-01,1.302669E-01,8.892267E-03,1.446649E-02,1.484231E-02,1.343211E-02,3.652518E-03,2.105341E-02,2.210122E-02,1.301701E-03,5.222507E-04,4.874442E-03,1.414635E-03,2.508198E-03,1.995294E-05,2.505376E-03,1.216881E-02,1.539967E-02,4.930254E-03,5.167292E-04, 0.0186223484, 0.0058018556, 0.0469165503, 0.0442636892, 0.0400371312
1.355000E+03,1.246912E-01,6.865040E+00,1.215715E-01,7.296608E-01,2.560304E-01,3.496277E-01,3.211196E-01,1.283815E-01,9.163362E-03,1.483375E-02,1.523100E-02,1.377711E-02,3.729523E-03,2.157094E-02,2.270258E-02,1.332538E-03,5.177790E-04,5.033945E-03,1.425035E-03,2.562796E-03,2.018119E-05,2.587639E-03,1.278405E-02,1.580462E-02,5.065003E-03,5.166811E-04, 0.0186223484, 0.0058018556, 0.0469165503, 0.0442636892, 0.0400371312
1.375000E+03,1.232226E-01,6.858142E+00,1.224309E-01,7.232876E-01,2.566056E-01,3.452073E-01,3.214875E-01,1.264948E-01,9.437309E-03,1.519892E-02,1.561851E-02,1.411979E-02,3.804817E-03,2.208441E-02,2.330311E-02,1.363179E-03,5.136268E-04,5.193322E-03,1.434664E-03,2.616363E-03,2.044389E-05,2.668911E-03,1.341073E-02,1.620741E-02,5.199571E-03,5.165701E-04, 0.0186223484, 0.0058018556, 0.0469165503, 0.0442636892, 0.0400371312
1.395000E+03,1.217575E-01,6.851192E+00,1.232903E-01,7.169806E-01,2.571332E-01,3.408598E-01,3.218549E-01,1.246118E-01,9.713743E-03,1.556165E-02,1.600452E-02,1.445937E-02,3.879743E-03,2.259319E-02,2.390273E-02,1.393897E-03,5.094961E-04,5.352551E-03,1.443563E-03,2.667602E-03,2.073939E-05,2.751590E-03,1.405634E-02,1.660819E-02,5.333957E-03,5.165329E-04, 0.0186223484, 0.0058018556, 0.0469165503, 0.0442636892, 0.0400371312
1.460000E+03,1.217611E-01,6.851196E+00,1.280394E-01,7.179909E-01,2.572227E-01,3.379517E-01,3.218762E-01,1.274835E-01,1.062069E-02,1.565397E-02,1.600516E-02,1.533838E-02,3.886266E-03,2.286878E-02,2.380477E-02,1.588908E-03,5.374101E-04,5.352563E-03,1.449223E-03,2.667696E-03,2.774435E-05,2.774518E-03,1.396316E-02,1.709663E-02,5.311434E-03,1.524679E-05, 0.0186223484, 0.0058018556, 0.0469165503, 0.0442636892, 0.0400371312
1.480000E+03,1.204442E-01,6.844919E+00,1.285354E-01,7.113338E-01,2.577048E-01,3.340414E-01,3.221645E-01,1.258113E-01,1.081605E-02,1.589723E-02,1.635270E-02,1.541463E-02,3.946091E-03,2.308775E-02,2.434357E-02,1.617689E-03,4.960811E-04,5.499903E-03,1.449267E-03,2.714235E-03,2.755066E-05,2.828101E-03,1.454965E-02,1.717962E-02,5.432245E-03,3.143136E-04, 0.0186223484, 0.0058018556, 0.0469165503, 0.0442636892, 0.0400371312
1.500000E+03,1.191326E-01,6.838566E+00,1.290615E-01,7.056319E-01,2.581844E-01,3.301664E-01,3.224482E-01,1.241403E-01,1.099743E-02,1.622068E-02,1.669995E-02,1.555880E-02,4.011889E-03,2.352381E-02,2.488195E-02,1.645079E-03,4.888375E-04,5.641586E-03,1.456272E-03,2.758779E-03,2.747119E-05,2.901676E-03,1.514864E-02,1.743752E-02,5.552936E-03,4.154834E-04, 0.0186223484, 0.0058018556, 0.0469165503, 0.0442636892, 0.0400371312
1.520000E+03,1.178270E-01,6.832198E+00,1.296071E-01,6.999502E-01,2.586376E-01,3.263604E-01,3.227119E-01,1.224734E-01,1.117520E-02,1.654359E-02,1.704587E-02,1.574938E-02,4.076186E-03,2.397366E-02,2.541948E-02,1.672214E-03,4.841655E-04,5.782533E-03,1.462509E-03,2.803421E-03,2.744423E-05,2.974538E-03,1.575594E-02,1.775831E-02,5.673445E-03,4.496014E-04, 0.0186223484, 0.0058018556, 0.0469165503, 0.0442636892, 0.0400371312
1.540000E+03,1.165254E-01,6.825806E+00,1.301701E-01,6.942943E-01,2.590690E-01,3.226074E-01,3.229764E-01,1.208096E-01,1.135659E-02,1.686458E-02,1.739060E-02,1.597082E-02,4.139922E-03,2.442079E-02,2.595653E-02,1.699157E-03,4.796694E-04,5.924092E-03,1.468161E-03,2.847591E-03,2.748347E-05,3.046470E-03,1.637240E-02,1.810065E-02,5.793815E-03,4.611513E-04, 0.0186223484, 0.0058018556, 0.0469165503, 0.0442636892, 0.0400371312
1.560000E+03,1.152310E-01,6.819359E+00,1.307445E-01,6.886467E-01,2.594841E-01,3.189136E-01,3.232120E-01,1.191513E-01,1.154447E-02,1.718432E-02,1.773415E-02,1.621333E-02,4.203120E-03,2.486442E-02,2.649274E-02,1.725913E-03,4.766779E-04,6.064610E-03,1.473613E-03,2.888187E-03,2.758259E-05,3.120320E-03,1.699711E-02,1.844965E-02,5.914022E-03,4.650284E-04, 0.0186223484, 0.0058018556, 0.0469165503, 0.0442636892, 0.0400371312
1.580000E+03,1.139427E-01,6.812931E+00,1.313333E-01,6.830122E-01,2.598768E-01,3.152770E-01,3.234367E-01,1.174977E-01,1.174007E-02,1.750247E-02,1.807707E-02,1.647045E-02,4.264489E-03,2.530577E-02,2.702845E-02,1.752642E-03,4.737525E-04,6.205350E-03,1.478885E-03,2.930365E-03,2.773316E-05,3.191927E-03,1.762473E-02,1.880003E-02,6.034082E-03,4.663648E-04, 0.0186223484, 0.0058018556, 0.0469165503, 0.0442636892, 0.0400371312
1.600000E+03,1.126596E-01,6.806464E+00,1.319316E-01,6.774007E-01,2.602548E-01,3.116911E-01,3.236498E-01,1.158450E-01,1.194359E-02,1.781863E-02,1.841869E-02,1.673533E-02,4.324082E-03,2.574231E-02,2.756335E-02,1.778848E-03,4.707055E-04,6.346646E-03,1.483237E-03,2.970229E-03,2.791484E-05,3.264225E-03,1.826784E-02,1.914963E-02,6.153954E-03,4.667079E-04, 0.0186223484, 0.0058018556, 0.0469165503, 0.0442636892, 0.0400371312
1.620000E+03,1.113849E-01,6.799969E+00,1.325369E-01,6.717821E-01,2.606258E-01,3.081495E-01,3.238448E-01,1.142089E-01,1.215464E-02,1.813263E-02,1.875971E-02,1.700608E-02,4.382782E-03,2.617543E-02,2.809744E-02,1.805120E-03,4.669831E-04,6.489046E-03,1.486952E-03,3.009480E-03,2.814105E-05,3.335855E-03,1.891974E-02,1.949760E-02,6.273628E-03,4.667883E-04, 0.0186223484, 0.0058018556, 0.0469165503, 0.0442636892, 0.0400371312
1.640000E+03,1.101183E-01,6.793439E+00,1.331437E-01,6.662104E-01,2.609626E-01,3.046734E-01,3.240240E-01,1.125734E-01,1.237204E-02,1.844511E-02,1.909920E-02,1.727857E-02,4.441432E-03,2.660608E-02,2.863074E-02,1.831103E-03,4.634901E-04,6.631105E-03,1.490856E-03,3.048802E-03,2.841953E-05,3.405906E-03,1.958294E-02,1.984380E-02,6.393108E-03,4.667267E-04, 0.0186223484, 0.0058018556, 0.0469165503, 0.0442636892, 0.0400371312
1.660000E+03,1.088567E-01,6.786885E+00,1.337565E-01,6.606311E-01,2.612797E-01,3.012660E-01,3.241847E-01,1.109425E-01,1.259485E-02,1.875579E-02,1.943776E-02,1.755199E-02,4.500380E-03,2.703304E-02,2.916352E-02,1.856744E-03,4.596661E-04,6.773812E-03,1.493693E-03,3.085921E-03,2.872099E-05,3.476554E-03,2.025276E-02,2.018819E-02,6.512455E-03,4.667330E-04, 0.0186223484, 0.0058018556, 0.0469165503, 0.0442636892, 0.0400371312
1.680000E+03,1.076011E-01,6.780287E+00,1.343665E-01,6.550824E-01,2.615903E-01,2.978944E-01,3.243390E-01,1.093174E-01,1.282271E-02,1.906505E-02,1.977521E-02,1.782590E-02,4.557510E-03,2.745612E-02,2.969564E-02,1.881949E-03,4.571910E-04,6.914975E-03,1.496925E-03,3.120974E-03,2.909234E-05,3.547569E-03,2.092925E-02,2.053083E-02,6.631614E-03,4.667089E-04, 0.0186223484, 0.0058018556, 0.0469165503, 0.0442636892, 0.0400371312
1.700000E+03,1.063517E-01,6.773714E+00,1.349736E-01,6.495356E-01,2.618643E-01,2.945846E-01,3.244704E-01,1.077004E-01,1.305460E-02,1.937266E-02,2.011140E-02,1.809921E-02,4.614624E-03,2.787646E-02,3.022701E-02,1.907050E-03,4.532169E-04,7.057699E-03,1.499304E-03,3.155879E-03,2.946647E-05,3.617640E-03,2.161011E-02,2.087178E-02,6.750582E-03,4.666594E-04, 0.0186223484, 0.0058018556, 0.0469165503, 0.0442636892, 0.0400371312
1.720000E+03,1.051120E-01,6.767088E+00,1.355767E-01,6.440063E-01,2.621203E-01,2.913440E-01,3.245844E-01,1.060944E-01,1.328964E-02,1.967844E-02,2.044702E-02,1.837070E-02,4.670349E-03,2.829283E-02,3.075781E-02,1.931623E-03,4.498416E-04,7.200160E-03,1.501069E-03,3.190264E-03,2.988007E-05,3.687181E-03,2.229828E-02,2.121053E-02,6.869382E-03,4.666399E-04, 0.0186223484, 0.0058018556, 0.0469165503, 0.0442636892, 0.0400371312
1.740000E+03,1.038780E-01,6.760416E+00,1.361788E-01,6.385243E-01,2.623562E-01,2.881352E-01,3.246991E-01,1.044954E-01,1.352767E-02,1.998142E-02,2.078094E-02,1.864063E-02,4.725906E-03,2.870439E-02,3.128773E-02,1.955884E-03,4.466363E-04,7.342127E-03,1.503110E-03,3.222608E-03,3.031702E-05,3.756820E-03,2.299035E-02,2.154749E-02,6.987968E-03,4.665328E-04, 0.0186223484, 0.0058018556, 0.0469165503, 0.0442636892, 0.0400371312
1.760000E+03,1.026485E-01,6.753704E+00,1.367734E-01,6.330665E-01,2.625759E-01,2.849751E-01,3.247892E-01,1.029109E-01,1.376725E-02,2.028418E-02,2.111371E-02,1.890845E-02,4.780515E-03,2.911487E-02,3.181710E-02,1.979298E-03,4.435066E-04,7.484092E-03,1.504878E-03,3.254195E-03,3.080134E-05,3.825484E-03,2.369648E-02,2.188214E-02,7.106410E-03,4.665014E-04, 0.0186223484, 0.0058018556, 0.0469165503, 0.0442636892, 0.0400371312
1.825000E+03,1.026518E-01,6.753715E+00,1.409567E-01,6.340477E-01,2.627290E-01,2.825442E-01,3.248067E-01,1.053121E-01,1.459176E-02,2.036807E-02,2.111425E-02,1.970910E-02,4.786847E-03,2.936468E-02,3.168662E-02,2.186720E-03,4.697381E-04,7.484102E-03,1.509816E-03,3.254295E-03,4.083481E-05,3.850829E-03,2.353833E-02,2.232405E-02,7.076399E-03,1.377005E-05, 0.0186223484, 0.0058018556, 0.0469165503, 0.0442636892, 0.0400371312
